drug_id,composition,indication,usage_and_dosage,taboo,attention,adverse_reaction,interaction_text,storage_method,valid_period,package_info,tts_summary,source_tag,updated_at
1001,本品主要成分为布洛芬。,用于缓解轻至中度疼痛及普通感冒或流行性感冒引起的发热。,成人一次1粒 一日2次 建议饭后服用。,对布洛芬或其他非甾体抗炎药过敏者禁用。,胃溃疡 消化道出血病史 严重肝肾功能不全者慎用。,可见恶心 胃部不适 皮疹等反应。,与其他解热镇痛药同用前需谨慎核对。,密封保存,24个月,铝塑包装,已识别布洛芬缓释胶囊 建议重点核对禁忌和胃部风险。,seed_demo,1715817600
1002,本品主要成分为阿莫西林。,适用于敏感菌所致的呼吸道 泌尿道等感染。,应遵医嘱使用 常见成人一次0.5g 每6至8小时一次。,青霉素过敏者禁用。,首次使用前需确认过敏史 不建议自行长期服用。,可能出现腹泻 恶心 皮疹等。,与其他抗菌药合用前需咨询医生或药师。,密封保存,24个月,铝塑包装,已识别阿莫西林胶囊 如有青霉素过敏史应避免使用。,seed_demo,1715817600
1003,本品主要成分为盐酸二甲双胍。,用于2型糖尿病患者的血糖控制。,建议随餐服用 具体剂量应依据医生方案调整。,严重肾功能不全 代谢性酸中毒患者禁用。,老年人 肾功能异常患者需重点监测。,常见胃肠道不适 如恶心 腹泻。,与其他降糖药联用时需防范低血糖风险。,密封保存,24个月,铝塑包装,已识别盐酸二甲双胍片 建议重点关注肾功能和用药方案。,seed_demo,1715817600
1004,本品主要成分为对乙酰氨基酚。,用于普通感冒或流感引起的发热及轻中度疼痛缓解。,成人一次1片 如持续发热或疼痛请及时就医。,严重肝功能不全者禁用。,避免与含对乙酰氨基酚的复方感冒药重复服用。,可能出现恶心 皮疹等不良反应。,与酒精或其他肝毒性药物同用前应先核对。,密封保存,24个月,铝塑包装,已识别对乙酰氨基酚片 建议重点核对是否重复用药和肝功能风险。,seed_demo,1715817600
1005,本品主要成分为氯雷他定。,用于缓解过敏性鼻炎和荨麻疹相关症状。,通常成人每日一次 每次1片 具体请遵说明书。,对本品过敏者禁用。,肝功能异常或特殊人群应在医生指导下使用。,少数人可见乏力 口干 头痛。,与其他抗过敏药同用前建议先确认是否重复用药。,密封保存,24个月,铝塑包装,已识别氯雷他定片 建议重点核对过敏史和是否重复使用抗过敏药。,seed_demo,1715817600
1006,本品主要成分为蒙脱石。,用于成人及儿童急慢性腹泻的辅助治疗。,建议与食物间隔服用 并注意补液。,对本品成分过敏者禁用。,便秘倾向者应谨慎使用 持续腹泻需及时就医。,可能出现便秘或腹胀。,与其他口服药同服时应错开至少2小时。,防潮保存,24个月,袋装,已识别蒙脱石散 建议重点核对腹泻原因并关注补液情况。,seed_demo,1715817600
1007,本品主要成分为氯沙坦钾。,用于原发性高血压等患者的血压控制。,通常每日一次 具体剂量应遵医嘱调整。,妊娠期患者禁用。,肾功能异常或高钾血症风险人群应重点监测。,可能出现头晕 低血压或血钾升高。,与保钾药物或补钾制剂合用前需先咨询医生。,密封保存,24个月,铝塑包装,已识别氯沙坦钾片 建议重点核对肾功能和血钾情况。,seed_demo,1715817600
1008,本品主要成分为硝苯地平。,用于高血压和冠心病心绞痛等患者的辅助治疗。,请整片吞服 不要嚼碎或掰开控释片。,严重低血压患者禁用。,首次使用或调整剂量期间需关注头晕 面红和血压波动。,可能出现头痛 水肿 心悸等反应。,与其他降压药联用时需防止血压过低。,避光保存,24个月,铝塑包装,已识别硝苯地平控释片 建议重点核对是否存在低血压风险。,seed_demo,1715817600
1009,本品主要成分为阿司匹林。,用于缺血性心脑血管事件的二级预防等场景。,通常每日一次 具体剂量应遵医嘱执行。,活动性消化道溃疡或出血患者禁用。,胃溃疡 出血倾向或计划手术者需重点核对。,可能出现胃部不适 出血倾向等反应。,与其他抗凝 抗血小板或止痛药同用前需咨询医生。,密封保存,24个月,铝塑包装,已识别阿司匹林肠溶片 建议重点核对胃出血风险和联用药物情况。,seed_demo,1715817600
